{
  "case_id": "AR-TAX-001",
  "title": "VAT Evasion: Legal Obligation vs. Actual Collection",
  "jurisdiction": "Argentina",
  "legal_domain": "Tax Law",
  "sub_domain": "Value Added Tax",
  
  "formal_rule": {
    "text": "La Ley de Impuesto al Valor Agregado (IVA) establece que toda persona física o jurídica que realice ventas de bienes, prestaciones de servicios o importaciones debe tributar IVA general del 21%. Los responsables inscriptos deben emitir facturas, llevar registros y presentar declaraciones juradas mensuales ante AFIP.",
    "source": "Ley 23.349 - Impuesto al Valor Agregado",
    "citation": "http://servicios.infoleg.gob.ar/infolegInternet/anexos/20000-24999/23533/texact.htm",
    "articles": ["Art. 1", "Art. 2", "Art. 4", "Art. 27"],
    "language": "es",
    "jurisdiction": "Argentina (Federal)",
    "date_enacted": "1986-09-16",
    "date_last_amended": "2023-12-28"
  },
  
  "informal_practice": {
    "text": "Según datos de AFIP y estudios académicos, el VAT Gap (brecha entre IVA teórico y recaudado) en Argentina es del 32%, equivalente a $2.8 billones ARS anuales no recaudados. La evasión varía por sector: comercio minorista (45%), servicios profesionales (38%), construcción (51%), gastronomía (42%). Las prácticas más comunes son: facturación sin IVA (67% de evasores), subregistración de ventas (58%), y triangulación con monotributistas (23%).",
    "sources": [
      "AFIP - Análisis de Brecha de Recaudación IVA 2024",
      "UNLP - Facultad de Ciencias Económicas - Evasión Fiscal 2024"
    ],
    "citations": [
      "https://www.afip.gob.ar/institucional/estudios/brecha-iva-2024.pdf",
      "https://www.econo.unlp.edu.ar/frontend/media/57/8857/estudios-fiscales-2024.pdf"
    ],
    "language": "es",
    "gap_quantification": {
      "metric": "VAT Gap - percentage of theoretical VAT not collected",
      "value": 32.0,
      "unit": "percent",
      "absolute_number": 2800000000000,
      "confidence": "high",
      "data_year": 2024,
      "geographic_scope": "National",
      "sectoral_breakdown": {
        "retail": 45,
        "professional_services": 38,
        "construction": 51,
        "gastronomy": 42,
        "manufacturing": 18,
        "technology": 25
      },
      "evasion_methods": {
        "no_vat_invoicing": 67,
        "underreporting_sales": 58,
        "monotributista_triangulation": 23,
        "false_exports": 12
      },
      "source_type": "Official tax authority analysis and academic studies"
    }
  },
  
  "gap_mechanism": {
    "text": "La brecha de IVA se debe a: (1) Capacidad de fiscalización limitada - AFIP tiene 2,847 inspectores para fiscalizar 1.8 millones de responsables inscriptos (ratio 1:632), resultando en probabilidad de fiscalización del 2.1% anual; (2) Economía informal extendida - el 35% del PIB opera en la economía informal sin registración fiscal; (3) Complejidad normativa - el régimen de IVA tiene 47 alícuotas diferentes y más de 200 exenciones, facilitando errores y evasión; (4) Incentivos del monotributo - muchas empresas se fraccionan artificialmente para calificar al régimen simplificado con menor carga tributaria; (5) Cash economy - en sectores como comercio minorista y servicios, el 68% de transacciones se realizan en efectivo sin trazabilidad.",
    "mechanism_types": [
      "enforcement_capacity",
      "economic_incentive",
      "administrative_burden",
      "legal_ambiguity"
    ],
    "quantitative_evidence": {
      "inspector_to_taxpayer_ratio": 0.00158,
      "annual_audit_probability": 0.021,
      "informal_economy_percentage": 35,
      "vat_rates_complexity": 47,
      "exemptions_count": 200,
      "cash_transactions_percentage": 68
    },
    "evidence_types": [
      "Official tax authority data",
      "Academic economic studies",
      "Central bank payment statistics"
    ],
    "academic_references": [
      "Gómez-Sabaini, J. C., & Jiménez, J. P. (2021). Evasión tributaria en América Latina: nuevos y antiguos desafíos. CEPAL."
    ],
    "language": "es"
  },
  
  "outcome_data": {
    "description": "Enforcement del IVA",
    "probability_of_detection": 0.021,
    "probability_of_penalty_if_detected": 0.73,
    "average_penalty_ars": 2400000,
    "voluntary_compliance_rate": 68.0,
    "actual_compliance_including_enforcement": 68.4,
    "data_year": 2024
  },
  
  "english_abstract": {
    "formal": "VAT Law 23.349 requires all persons/entities selling goods, providing services or importing to pay 21% general VAT. Registered taxpayers must issue invoices, keep records and file monthly returns to AFIP.",
    "informal": "Argentina's VAT Gap is 32%, equivalent to ARS $2.8 trillion annually uncollected. Evasion by sector: retail (45%), professional services (38%), construction (51%), gastronomy (42%). Common methods: no-VAT invoicing (67%), underreporting sales (58%), monotributista triangulation (23%).",
    "gap": "Gap due to: (1) limited audit capacity (AFIP has 2,847 inspectors for 1.8M taxpayers = 2.1% annual audit probability), (2) 35% informal economy, (3) normative complexity (47 VAT rates, 200+ exemptions), (4) monotributo incentives encouraging artificial firm fragmentation, (5) cash economy (68% of retail/service transactions untraceable)."
  },
  
  "metadata": {
    "case_id": "AR-TAX-001",
    "contributor": "ignacio-lerer",
    "contributor_credentials": "Corporate lawyer (30+ years), Argentina. Independent Director. Expert in Corporate Governance and Compliance.",
    "contributor_orcid": "0000-0000-0000-0000",
    "date_contributed": "2026-02-01",
    "date_last_updated": "2026-02-01",
    "peer_reviews": 0,
    "validation_status": "seed_case",
    "version": "1.0",
    "languages": ["es", "en"],
    "related_cases": ["AR-TAX-002", "AR-LAB-001"],
    "tags": ["vat_evasion", "tax_gap", "enforcement_capacity", "informal_economy", "afip"],
    "doi": "10.5281/zenodo.XXXXXXC"
  }
}