{
  "case_id": "AR-CRIM-004",
  "title": "Tax Fraud Criminal Cases: Legal Penalties vs. Prosecution Effectiveness",
  "jurisdiction": "Argentina",
  "legal_domain": "Criminal Law",
  "sub_domain": "Tax Fraud",
  
  "formal_rule": {
    "text": "La Ley 24.769 (Régimen Penal Tributario) tipifica como delitos la evasión simple (Art. 1: >$4 millones ARS), evasión agravada (Art. 2: >$20 millones ARS), y apropiación indebida de tributos (Art. 6). Las penas van de 2 a 9 años de prisión. AFIP debe formular denuncia penal cuando el monto evadido supere los umbrales legales y se agote la instancia administrativa.",
    "source": "Ley 24.769 - Régimen Penal Tributario",
    "citation": "http://servicios.infoleg.gob.ar/infolegInternet/anexos/40000-44999/40955/texact.htm",
    "articles": ["Art. 1", "Art. 2", "Art. 6", "Art. 18"],
    "language": "es",
    "jurisdiction": "Argentina (Federal)",
    "date_enacted": "1996-12-23",
    "date_last_amended": "2019-12-23"
  },
  
  "informal_practice": {
    "text": "Según estadísticas de AFIP y el MPF, en 2024 se iniciaron 1,347 causas penales tributarias pero solo hubo 67 condenas firmes (4.97% tasa de condena). De las denuncias de AFIP, el 43% se archiva por falta de mérito, 31% prescribe antes de juicio, 13% termina en sobreseimiento y solo 13% llega a condena. Los delitos más denunciados son evasión simple (67%) y apropiación indebida de IVA/ganancias (28%). El tiempo promedio entre denuncia y sentencia es 6.4 años.",
    "sources": [
      "AFIP - Dirección de Asuntos Jurídicos - Reporte Penal 2024",
      "MPF - Fiscalía de Investigaciones Administrativas - Estadísticas 2024"
    ],
    "citations": [
      "https://www.afip.gob.ar/institucional/estudios/penal-tributario-2024.pdf",
      "https://www.mpf.gob.ar/fia/estadisticas-tributarias-2024"
    ],
    "language": "es",
    "gap_quantification": {
      "metric": "Conviction rate for tax fraud criminal cases",
      "value": 4.97,
      "unit": "percent",
      "absolute_number": 67,
      "confidence": "high",
      "data_year": 2024,
      "geographic_scope": "National",
      "case_outcomes": {
        "dismissed_lack_merit": 43,
        "statute_of_limitations": 31,
        "acquittal": 13,
        "convictions": 13
      },
      "crime_type_breakdown": {
        "simple_evasion": 67,
        "tax_appropriation": 28,
        "aggravated_evasion": 5
      },
      "average_case_duration_years": 6.4,
      "total_cases_initiated": 1347,
      "source_type": "Tax authority and prosecutor statistics"
    }
  },
  
  "gap_mechanism": {
    "text": "La baja efectividad penal tributaria se debe a: (1) Estrategias procesales dilatorias - los contribuyentes interponen recursos administrativos y judiciales que extienden los casos más allá de la prescripción (8 años); (2) Complejidad probatoria técnica - demostrar dolo requiere pericia contable especializada que demora 18-36 meses; (3) Coordinación deficiente AFIP-MPF - el 67% de denuncias de AFIP llega al MPF con documentación incompleta; (4) Umbrales desactualizados - los montos mínimos ($4M para evasión simple) están desactualizados por inflación, resultando en criminalización de evasiones menores; (5) Alternativas no penales más efectivas - AFIP prefiere acuerdos de facilidades de pago que procesos penales largos e inciertos.",
    "mechanism_types": [
      "legal_ambiguity",
      "administrative_burden",
      "enforcement_capacity",
      "economic_incentive"
    ],
    "quantitative_evidence": {
      "statute_of_limitations_years": 8,
      "expert_evidence_duration_months": [18, 36],
      "incomplete_afip_referrals_percentage": 67,
      "threshold_inflation_lag_years": 5,
      "administrative_vs_criminal_resolution_preference": 0.78
    },
    "evidence_types": [
      "Tax authority operational data",
      "Prosecutor case management statistics",
      "Academic tax procedure studies"
    ],
    "academic_references": [
      "Soler, O. (2022). El sistema penal tributario argentino: entre la disuasión y la ineficacia. Revista de Derecho Tributario, 48(3), 234-251."
    ],
    "language": "es"
  },
  
  "outcome_data": {
    "description": "Condenas penales tributarias",
    "probability_of_detection": 0.23,
    "probability_of_penalty_if_detected": 0.0497,
    "average_penalty_years": 3.2,
    "voluntary_compliance_rate": 95.03,
    "actual_compliance_including_enforcement": 95.1,
    "data_year": 2024
  },
  
  "english_abstract": {
    "formal": "Law 24.769 (Tax Criminal Regime) criminalizes simple evasion (Art. 1: >ARS $4M), aggravated evasion (Art. 2: >ARS $20M), and tax misappropriation (Art. 6). Sentences: 2-9 years prison. AFIP must file criminal complaint when evaded amount exceeds thresholds and administrative process exhausted.",
    "informal": "In 2024: 1,347 tax criminal cases initiated, only 67 final convictions (4.97% rate). Of AFIP complaints: 43% dismissed for lack of merit, 31% statute of limitations, 13% acquittals, 13% convictions. Most reported: simple evasion (67%), tax appropriation (28%). Average duration: 6.4 years from complaint to sentence.",
    "gap": "Gap due to: (1) dilatory procedural strategies (taxpayers file administrative/judicial appeals extending cases beyond 8-year statute of limitations), (2) technical evidentiary complexity (proving intent requires specialized accounting expertise taking 18-36 months), (3) poor AFIP-MPF coordination (67% of AFIP complaints reach MPF with incomplete documentation), (4) outdated thresholds (ARS $4M minimum outdated by inflation, criminalizing minor evasions), (5) more effective non-criminal alternatives (AFIP prefers payment facility agreements over long uncertain criminal processes)."
  },
  
  "metadata": {
    "case_id": "AR-CRIM-004",
    "contributor": "ignacio-lerer",
    "contributor_credentials": "Corporate lawyer (30+ years), Argentina. Independent Director. Expert in Corporate Governance and Compliance.",
    "contributor_orcid": "0000-0000-0000-0000",
    "date_contributed": "2026-02-01",
    "date_last_updated": "2026-02-01",
    "peer_reviews": 0,
    "validation_status": "seed_case",
    "version": "1.0",
    "languages": ["es", "en"],
    "related_cases": ["AR-CRIM-001", "AR-TAX-001"],
    "tags": ["tax_fraud", "criminal_tax_law", "afip_prosecution", "statute_limitations", "procedural_delays"],
    "doi": "10.5281/zenodo.XXXXXXN"
  }
}